{
  "best_val_rmse": 13.177239209284734,
  "test_metrics": {
    "mse": 177.17701721191406,
    "rmse": 13.310785747352185,
    "mae": 11.497577667236328,
    "r2": -0.015273571014404297,
    "acc_10": 0.11777777777777777
  }
}